id,name,mobile_no,plan
1,"John Doe",9876543210,"General Training"
2,"Jane Smith",9123456789,Swimming
3,"Michael Johnson",9871234567,PT
4,"Emily Davis",9812345678,Swimming
5,"David Wilson",9834567123,"General Training"
6,"Sophia Brown",9712345678,PT
7,"Daniel Garcia",9876543120,Swimming
8,"Emma Miller",9134567890,PT
9,"Olivia Martinez",9874561230,"General Training"
10,"Liam Anderson",9834576123,Swimming
11,"Noah Taylor",9812345789,PT
12,"Lucas Thomas",9823456712,"General Training"
13,"Amelia Harris",9745612347,Swimming
14,"Isabella Lee",9813456723,"General Training"
15,"Mason Walker",9723456812,PT
16,"Mia Allen",9874651237,Swimming
17,"Benjamin Wright",9823475612,PT
18,"Ethan Scott",9872346512,"General Training"
19,"James Green",9745612378,Swimming
20,"Ava King",9834512678,PT
